# UCSC<tab>common<tab>Scientific<tab>group<tab>clade<tab>orderKey
# dbase    name       name           menu
hg19	Human	Homo sapiens	primate	primate	140
panTro4	Chimp	Pan troglodytes	primate	primate	229
panPan1	Bonobo	Pan paniscus	primate	primate	245
gorGor3	Gorilla	Gorilla gorilla gorilla	primate	primate	250
ponAbe2	Orangutan	Pongo pygmaeus abelii	primate	primate	310
nomLeu3	Gibbon	Nomascus leucogenys	primate	primate	328
chlSab1	Green monkey	Chlorocebus sabaeus	primate	primate	340
rheMac3	Rhesus	Macaca mulatta	primate	primate	359
macFas5	Crab-eating macaque	Macaca fascicularis	primate	primate	380
papHam1	Baboon	Papio hamadryas	primate	primate	390
papAnu2	Baboon	Papio anubis	primate	primate	390
saiBol1	Squirrel monkey	Saimiri boliviensis	primate	primate	395
calJac3	Marmoset	Callithrix jacchus	primate	primate	400
tarSyr1	Tarsier	Tarsius syrichta	primate	primate	410
micMur1	Mouse lemur	Microcebus murinus	primate	primate	460
otoGar3	Bushbaby	Otolemur garnettii	primate	primate	464
tupBel1	Tree shrew	Tupaia belangeri	primate	scandentia	500
tupChi1	Chinese tree shrew	Tupaia chinensis	primate	scandentia	510
mm10	Mouse	Mus musculus	rodent	glires	1209
rn5	Rat	Rattus norvegicus	rodent	glires	1559
octDeg1	Brush-tailed rat	Octodon degus	rodent	glires	1575
dipOrd1	Kangaroo rat	Dipodomys ordii	rodent	glires	1580
jacJac1	Lesser Egyptian jerboa	Jaculus jaculus	rodent	glires	1590
perBai1	Prairie deer mouse	Peromyscus maniculatus bairdii	rodent	glires	1595
micOch1	Prairie vole	Microtus ochrogaster	rodent	glires	1600
criGri1	Chinese hamster	Cricetulus griseus	rodent	glires	1610
mesAur1	Golden hamster	Mesocricetus auratus	rodent	glires	1620
hetGla2	Naked mole-rat	Heterocephalus glaber	rodent	glires	1649
cavPor3	Guinea pig	Cavia porcellus	rodent	glires	1680
chiLan1	Chinchilla	Chinchilla lanigera	rodent	glires	1700
oryCun2	Rabbit	Oryctolagus cuniculus	rodent	glires	1890
speTri2	Squirrel	Spermophilus tridecemlineatus	rodent	glires	1909
ochPri3	Pika	Ochotona princeps	rodent	glires	1929
ochPri2	Pika	Ochotona princeps	rodent	glires	1930
susScr3	Pig	Sus scrofa	mammal	cetartiodactyla	2349
vicPac2	Alpaca	Vicugna pacos	mammal	cetartiodactyla	2359
panHod1	Tibetan antelope	Pantholops hodgsonii	mammal	cetartiodactyla	2362
turTru2	Dolphin	Tursiops truncatus	mammal	cetartiodactyla	2364
lipVex1	Yangtze river dolphin	Lipotes vexillifer	mammal	cetartiodactyla	2366
orcOrc1	Killer whale	Orcinus orca	mammal	cetartiodactyla	2367
phyCat1	Sperm whale	Physeter catodon	mammal	cetartiodactyla	2368
balAcu1	Minke whale	Balaenoptera acutorostrata scammoni	mammal	cetartiodactyla	2369
oviAri3	Sheep	Ovis aries	mammal	cetartiodactyla	2369
capHir1	Domestic goat	Capra hircus	mammal	cetartiodactyla	2375
bosTau7	Cow	Bos taurus	mammal	cetartiodactyla	2379
bubBub1	Water buffalo	Bubalus bubalis	mammal	cetartiodactyla	2383
equCab2	Horse	Equus caballus	mammal	perissodactyla	2409
cerSim1	White rhinoceros	Ceratotherium simum	mammal	perissodactyla	2415
felCat5	Cat	Felis catus	mammal	carnivora	2418
panTig1	Amur tiger	Panthera tigris altaica	mammal	carnivora	2425
musFur1	Ferret 	Mustela putorius furo	mammal	carnivora	2430
canFam3	Dog	Canis lupus familiaris	mammal	carnivora	2437
camFer1	Bactrian camel	Camelus ferus	mammal	carnivora	2450
ailMel1	Panda	Ailuropoda melanoleuca	mammal	carnivora	2460
odoRosDiv1	Pacific walrus	Odobenus rosmarus divergens	mammal	carnivora	2470
lepWed1	Weddell seal	Leptonychotes weddellii	mammal	carnivora	2480
myoBra1	Brandt's myotis (bat)	Myotis brandtii	mammal	chiroptera	2500
myoDav1	David's myotis (bat)	Myotis davidii	mammal	chiroptera	2510
myoLuc2	Microbat	Myotis lucifugus	mammal	chiroptera	2514
eptFus1	Big brown bat	Eptesicus fuscus	mammal	chiroptera	2517
eidHel1	Straw colored fruit bat	Eidolon helvum	mammal	chiroptera	2518
pteVam1	Megabat	Pteropus vampyrus	mammal	chiroptera	2520
pteAle1	Black flying-fox	Pteropus alecto	mammal	chiroptera	2530
megLyr1	Indian false vampire	Megaderma lyra	mammal	chiroptera	2540
ptePar1	Parnell's mustached bat	Pteronotus parnellii	mammal	chiroptera	2550
eriEur2	Hedgehog	Erinaceus europaeus	mammal	insectivora	2569
eriEur1	Hedgehog	Erinaceus europaeus	mammal	insectivora	2570
sorAra2	Shrew	Sorex araneus	mammal	insectivora	2579
sorAra1	Shrew	Sorex araneus	mammal	insectivora	2580
conCri1	Star-nosed mole	Condylura cristata	mammal	insectivora	2590
loxAfr3	Elephant	Loxodonta africana	mammal	afrotheria	3098
eleEdw1	Cape elephant shrew	Elephantulus edwardii	mammal	afrotheria	3110
chrAsi1	Cape golden mole	Chrysochloris asiatica	mammal	afrotheria	3120
oryAfe1	Aardvark	Orycteropus afer	mammal	afrotheria	3130
proCap1	Rock hyrax	Procavia capensis	mammal	afrotheria	3350
echTel2	Tenrec	Echinops telfairi	mammal	afrotheria	3369
triMan1	Manatee	Trichechus manatus latirostris	mammal	afrotheria	3380
dasNov3	Armadillo	Dasypus novemcinctus	mammal	xenarthra	3459
choHof1	Sloth	Choloepus hoffmanni	mammal	xenarthra	3480
monDom5	Opossum	Monodelphis domestica	mammal	mammal	3540
sarHar1	Tasmanian devil	Sarcophilus harrisii	mammal	mammal	3590
macEug2	Wallaby	Macropus eugenii	mammal	mammal	3610
ornAna1	Platypus	Ornithorhynchus anatinus	mammal	mammal	3650
falChe1	Saker falcon	Falco cherrug	vertebrate	aves	3660
falPer1	Peregrine falcon	Falco peregrinus	vertebrate	aves	3670
colLiv1	Rock pigeon	Columba livia	vertebrate	aves	3680
ficAlb2	Collared flycatcher	Ficedula albicollis	vertebrate	aves	3689
ficAlb1	Collared flycatcher	Ficedula albicollis	vertebrate	aves	3690
amaVit1	Puerto Rican parrot	Amazona vittata	vertebrate	aves	4310
araMac1	Scarlet macaw	Ara macao	vertebrate	aves	4320
galGal4	Chicken	Gallus gallus	vertebrate	aves	4349
cotJap1	Japanese quail	Japanese quail	vertebrate	aves	4353
anaPla1	Mallard duck	Anas platyrhynchos	vertebrate	aves	4357
pseHum1	Tibetan ground jay	Pseudopodoces humilis	vertebrate	aves	4358
zonAlb1	White-throated sparrow	Zonotrichia albicollis	vertebrate	aves	4359
melGal1	Turkey	Meleagris gallopavo	vertebrate	aves	4360
strCam1	Ostrich	Struthio camelus	vertebrate	aves	4363
taeGut2	Zebra finch	Taeniopygia guttata	vertebrate	aves	4369
taeGut1	Zebra finch	Taeniopygia guttata	vertebrate	aves	4370
geoFor1	Medium ground finch	Geospiza fortis	vertebrate	aves	4373
melUnd1	Budgerigar	Melopsittacus undulatus	vertebrate	aves	4375
allMis1	American alligator	Alligator mississippiensis	vertebrate	sauria	4380
allSin1	Chinese alligator	Alligator sinensis	vertebrate	sauria	4382
croPor1	Crocodile	Crocodylus porosus	vertebrate	sauria	4385
gavGan1	Gharial	Gavialis gangeticus	vertebrate	sauria	4387
anoCar2	Lizard	Anolis carolinensis	vertebrate	sauria	4390
pytMolBiv1	Burmese python	Python molurus bivittatus	vertebrate	sauria	4392
cheMyd1	Green seaturtle	Chelonia mydas	vertebrate	testudines	4395
pelSin1	Chinese softshell turtle	Pelodiscus sinensis	vertebrate	testudines	4400
apaSpi1	Spiny softshell turtle	Apalone spinifera	vertebrate	testudines	4403
chrPic1	Painted turtle	Chrysemys picta bellii	vertebrate	testudines	4405
xenTro7	Frog (X. tropicalis)	Xenopus tropicalis	vertebrate	tetrapoda	4439
xenTro3	Frog (X. tropicalis)	Xenopus tropicalis	vertebrate	tetrapoda	4440
latCha1	Coelacanth	Latimeria chalumnae	vertebrate	sarcopterygii	4465
tetNig2	Tetraodon	Tetraodon nigroviridis	vertebrate	tetraodontidae	4599
fr3	Fugu	Takifugu rubripes	vertebrate	tetraodontidae	4628
takFla1	Yellowbelly pufferfish	Takifugu flavidus	vertebrate	tetraodontidae	4640
hapBur1	Burton's mouthbreeder	Haplochromis burtoni	vertebrate	cichlidae	4650
mayZeb1	Zebra mbuna	Maylandia zebra	vertebrate	cichlidae	4660
punNye1	Pundamilia nyererei	Pundamilia nyererei	vertebrate	cichlidae	4665
oreNil2	Nile tilapia	Oreochromis niloticus	vertebrate	cichlidae	4669
neoBri1	Princess of Burundi	Neolamprologus brichardi	vertebrate	cichlidae	4680
gasAcu1	Stickleback	Gasterosteus aculeatus	vertebrate	smegmamorpha	4700
oryLat2	Medaka	Oryzias latipes	vertebrate	smegmamorpha	4729
xipMac1	Southern platyfish	Xiphophorus maculatus	vertebrate	smegmamorpha	4740
gadMor1	Atlantic cod	Gadus morhua	vertebrate	neoteleostei	4750
danRer7	Zebrafish	Danio rerio	vertebrate	teleostei	4774
astMex1	Mexican tetra (cavefish)	Astyanax mexicanus	vertebrate	teleostei	4790
lepOcu1	Spotted gar	Lepisosteus oculatus	vertebrate	neopterygii	4793
calMil1	Elephant shark	Callorhinchus milii	vertebrate	chondrichthyes	4796
petMar2	Lamprey	Petromyzon marinus	vertebrate	hyperoartia	4799
letCam1	Arctic lamprey	Lethenteron camtschaticum	vertebrate	hyperoartia	4820
aplCal1	Sea hare	Aplysia californica	gastropod	gastropod	7820
braFlo2	Lanclet	Branchiostoma floridae	deuterostomia	chordata	7989
braFlo1	Lanclet	Branchiostoma floridae	deuterostomia	chordata	7990
anoGam1	A. gambiae	Anopheles gambiae	insect	diptera	9640
apiMel4	Honey bee	Apis mellifera	insect	hymenoptera	9654
apiMel3	Honey bee	Apis mellifera	insect	hymenoptera	9655
apiMel2	Honey bee	Apis mellifera	insect	hymenoptera	9656
apiMel1	Honey bee	Apis mellifera	insect	hymenoptera	9657
